episode,episode_length,episode_reward,frame,step,total_time
0.0,1000.0,137.13540573684764,0,0.0,0.0006480216979980469
10.0,1000.0,107.61847611051428,10000,10000.0,58.40400218963623
